company,year,report_type,source,title
DAI Global LLC,2017,Modern Slavery Statement,https://www.dai.com/uploads/Modern%20Day%20Slavery%20and%20Anti-Human%20Trafficking%20Statement.pdf,DAI Global - MSA statement 2017,
AB Agri Ltd,2016,Modern Slavery Statement,https://www.abagri.com/ABAgriCorporate/files/70/7083f618-7c4e-4521-b98c-e34a66bafec3.pdf,AB Agri  Modern Slavery Statement 2016,
America Fujikura Ltd (AFL),2016,Modern Slavery Statement,https://www.aflglobal.com/productionFiles/resources/EHS/AFL-Slavery-and-Human-Trafficking-Statement-FY2016.aspx,America Fujikura - MSA statement 2016,
AO World,2017,Modern Slavery Statement,http://ao.com/corporate/responsibility/modern-slavery-statement/,AO World - MSA statement 2017,
Arval UK Group Ltd,2017,Modern Slavery Statement,https://www.arval.co.uk/sites/uk/files/media/documents/legal/arval-modern-slavery-statement.pdf,Arval UK Group - MSA statement 2017,
Axalta UK,2016,Modern Slavery Statement,https://www.axaltacs.com/corporate/en_US/about-axalta/the-modern-slavery-act-disclosure-statement.print.pdf,Axalta - MSA statement 2016,
"Bain & Company, Inc.",2017,Modern Slavery Statement,http://www.bain.com/anti-slavery-statement.aspx,Bain & Company Inc - MSA statement 2017,
Berkeley Group Holdings,2016,Modern Slavery Statement,https://www.berkeleygroup.co.uk/modern-slavery-statement,Berkeley Group - MSA statement 2016,
BNP Paribas Group,2017,Modern Slavery Statement,https://group.bnpparibas/uploads/file/msa_statement_2016_20170523.pdf,BNP Paribas Group - MSA statement 2017,
Bose Limited,2017,Modern Slavery Statement,https://www.bose.co.uk/en_gb/support/tisc_statement.html.html,Bose Limited - MSA statement 2017,
Bridge of Weir Leather Company,2016,Modern Slavery Statement,http://www.bowleather.com/Heritage/Governance.aspx,Bridge of Weir Leather - MSA statement 2016,
BrightHouse,2016,Modern Slavery Statement,https://www.brighthousegroup.co.uk/our-responsibilities/corporate-social-responsibility/modern-day-slavery-statement/,BrightHouse - MSA statement 2016,
Brookfield Multiplex Pty Ltd,2017,Modern Slavery Statement,https://www.multiplex.global/wp-content/uploads/2017/06/Multiplex-Modern-Slavery-and-Human-Trafficking-Statement-2016.pdf,Brookfield Multiplex Pty - MSA statement 2017,
Crest Nicholson PLC,2017,Modern Slavery Statement,https://www.crestnicholson.com/~/media/about%20us/new%20about%20us/policies/modern%20slavery%20statement_final.pdf?la=en,Crest Nicholson - MSA statement 2017,
Daikin Chemical Europe GmbH,2016,Modern Slavery Statement,https://www.daikinchem.de/downloads/20160922-dce_slavery_and_human_trafficking_statement.pdf,Daikin Chemical Europe - MSA statement 2016,
ED&F Man Group,2017,Modern Slavery Statement,http://www.edfman.com/corporate-social-responsibility/modern-slavery-act,ED & F Man Group - MSA statement 2017,
Edmundson Electrical Limited,2016,Modern Slavery Statement,http://www.edmundson-electrical.co.uk/files/Modern%20Day%20Slavery%20and%20Human%20Trafficking%20Policy%20Statement.pdf,Edmundson Electrical Ltd - MSA statement 2016,
Elliott Group Limited,2016,Modern Slavery Statement,https://www.elliottuk.com/2016/12/elliott-issues-modern-slavery-compliance-statement/,Elliott Group - MSA statement 2016,
EMC Corp,2016,Modern Slavery Statement,https://uk.emc.com/corporate/sustainability/supply-chain/slavery-and-human-trafficking.htm,EMC - MSA statement 2016,
Estee Lauder Cosmetics Limited,2017,Modern Slavery Statement,http://www.esteelauder.co.uk/corporate-statements,Estee Lauder Cosmetics Ltd - MSA statement 2017,
Export-Import Bank of India,2016,Modern Slavery Statement,https://www.eximbankindia.in/assets/pdf/public-declarations/anti-slavery-act-2017.pdf,Export - Import Bank of India - MSA statement 2016,
Ferrero UK Limited,2017,Modern Slavery Statement,https://s3-eu-west-1.amazonaws.com/ferrero-static/globalcms/documenti/2658.pdf,Ferrero UK Ltd - MSA statement 2017,
Florette UK & Ireland Ltd,2017,Modern Slavery Statement,https://www.florettesalad.co.uk/modern-slavery-statement,Florette UK & Ireland Ltd - MSA statement 2017,
Fred Perry Ltd,2016,Modern Slavery Statement,https://d1yk18ot3qjyqd.cloudfront.net/skin/frontend/fredperry-rwd/default/pdf/FP_statement_modern_slavery_statement.pdf,Fred Perry - MSA statement 2016,
Freeman,2017,Modern Slavery Statement,http://www.freeman-emea.com/modern-slavery-act,Freeman - MSA statement 2017,
"FUJIFILM DIMATIX, INC",2016,Modern Slavery Statement,https://www.fujifilmusa.com/products/industrial_inkjet_printheads/pdf/FDMX_MSA_Statement.pdf,Fujifilm Dimatix - MSA statement 2016,
"FUJIFILM SonoSite, Inc.",2016,Modern Slavery Statement,http://www.sonosite.com/modern-slavery-act-statement,Fujifilm SonoSite - MSA statement 2016,
Futures Housing Group,2016,Modern Slavery Statement,http://futureshg.co.uk/wp-content/uploads/2016/04/Modern-Slavery-Statement.pdf,Future Housing Group - MSA statement 2016,
GAME Digital,2016,Modern Slavery Statement,http://www.gamedigitalplc.com/investor-relations/modern-slavery-act-statement.aspx,Game Digital - MSA statement 2016,
Globus Group,2016,Modern Slavery Statement,http://www.riley-eyewear.com/assets/files/Globus%20Group_Slavey%20and%20Human%20Trafficking%20Statement-201609.pdf,Globus Group - MSA statement 2016,
Hackett Limited,2017,Modern Slavery Statement,https://www.hackett.com/gb/legal-cookies?uk-modern-slavery-act/,Hackett Ltd - MSA statement 2017,
Harley-Davidson Europe Ltd.,2017,Modern Slavery Statement,https://www.harley-davidson.com/content/dam/h-d/documents/company/hd-modern-slavery-statement-16-uk.pdf,Harley Davidson Europe Ltd - MSA statement 2017,
Harvey Nichols Group,2017,Modern Slavery Statement,http://www.harveynichols.com/about/corporate-responsibility/modern-slavery-statement/,Harvey Nichols Group - MSA statement 2017,
Heart of England Co-operative Society Ltd,2017,Modern Slavery Statement,http://www.heartofengland.coop/wp-content/uploads/2017/03/Statement-under-the-Modern-Slavery-Act-2015.pdf,Heart of England Cooperative Society - MSA statement 2017,
Heineken UK Limited,2016,Modern Slavery Statement,https://www.heineken.co.uk/uploads/legal-notices/Slavery%20and%20Human%20Trafficking%20Statement%20-%20Financial%20Year%20Ending%202016.pdf,Heineken UK - MSA statement 2016,
Henry Boot,2016,Modern Slavery Statement,https://www.henrybootdevelopments.co.uk/new-joint-venture-partnership-undertake-knowsley-mixed-use-development/,Henry Boot - MSA statement 2016,
Hitachi High-Technologies Europe GmbH,2016,Modern Slavery Statement,http://www.hitachi-hightech.com/file/eu/pdf/about/statement/modern_slavery_act.pdf,Hitachi High-Technologies Europe - MSA statement 2016,
Honda Motor Europe Limited,2016,Modern Slavery Statement,http://www.honda.co.uk/content/dam/local/uk/hosted-files/modern-slavery-signed-statement.pdf,Honda Motor Europe - MSA statement 2016,
Ideal Boilers,2016,Modern Slavery Statement,https://idealboilers.com/installer/wp-content/uploads/sites/3/2016/10/Modern_Slavery_Statement_07-2016.pdf,Ideal Boilers - MSA statement 2016,
Ideal Industries Inc,2016,Modern Slavery Statement,https://www.idealind.com/content/pdfs/policies/slavery-and-human-trafficking-statement-modern-slavery-act-of-2015.pdf,Ideal Industries - MSA statement 2016,
Imperial Brands plc,2016,Modern Slavery Statement,http://www.imperialbrandsplc.com/content/dam/imperial-brands/corporate/responsibility/human-rights/Modern%20Slavery%20Act%20Transparency%20Statement.pdf,Imperial Brands - MSA statement 2016,
J O Sims Ltd,2016,Modern Slavery Statement,http://www.josims.com/downloads/slavery&humantraffickingpolicy.pdf,J O Sims - MSA statement 2016,
James Finlay Limited,2017,Modern Slavery Statement,http://www.finlays.net/statement-on-slavery-and-human-trafficking/,James Finlay Ltd - MSA statement 2017,
K+S Aktiengesellschaft,2017,Modern Slavery Statement,https://www.k-plus-s.com/en/pdf/2017/modern-slavery-act.pdf,K+S Aktiengesellschaft - MSA statement 2017,
Konica Minolta Business Solutions Europe GmbH,2016,Modern Slavery Statement,https://www.konicaminolta.eu/fileadmin/content/eu/Business_Solutions/Company/CSR/UK_Modern_Slavery_Act_California_Supply_Chain_Act_FY2015_16.pdf,Konica Minolta Business Solutions - MSA statement 2016,
Kroll Inc,2017,Modern Slavery Statement,http://www.kroll.com/en-us/modern-slavery-statement,Kroll Inc - MSA statement 2017,
Luxottica Retail UK Limited,2017,Modern Slavery Statement,https://www.davidclulow.com/modern-slavery-act-statement/,Luxottica Retail UK - MSA statement 2017,
Machine Mart Ltd,2017,Modern Slavery Statement,https://www.machinemart.co.uk/media/1680/modernslaveryactstatement_final2016.pdf,Machine Mart - MSA statement 2017,
Mercedes Benz UK Ltd,2016,Modern Slavery Statement,https://www.mercedes-benz.co.uk/content/unitedkingdom/mpc/mpc_unitedkingdom_website/en/home_mpc/slavery-act.ngrb.html,Mercedes Benz UK Ltd - MSA statement 2016,
Michael Kors (UK) Ltd,2016,Modern Slavery Statement,http://investors.michaelkors.com/resources/supply-chain-disclosure/default.aspx,Michael Kors UK - MSA statement 2016,
Midland Foods Ltd,2017,Modern Slavery Statement,https://www.midlandfoods.co.uk/slavery-and-human-trafficking.html,Midland Foods - MSA statement 2017,
Miller Homes Group (UK) Limited (The),2017,Modern Slavery Statement,https://www.millerhomes.co.uk/corporate/about-us/modern-slavery-statement-2017.aspx,Miller Homes Group UK - MSA statement 2017,
"Minor, Weir & Willis Ltd",2016,Modern Slavery Statement,http://www.mww.co.uk/Slavery-and-Human-Trafficking-Statement.html,"Minor, Weir & Willis Ltd - MSA statement 2016",
Noble Foods Ltd,2017,Modern Slavery Statement,https://noblefoods.co.uk/assets/PDFs/modern-slavery-statement.pdf,Noble Foods - MSA statement 2017,
Nomura Asset Management UK Limited,2017,Modern Slavery Statement,http://www.nomuraholdings.com/company/group/europe/pdf/nam.pdf,Nomura Asset Management UK - MSA statement 2017,
OFFICE Holdings Ltd,2017,Modern Slavery Statement,http://www.office.co.uk/view/content/ModernSlaveryAct,Office Holdings - MSA statement 2017,
Omega plc,2016,Modern Slavery Statement,http://www.omegaplc.co.uk/modern-slavery,Omega plc - MSA statement 2016,
OP Chocolate Ltd,2017,Modern Slavery Statement,http://www.opchocolate.com/modern-slavery-statement/,OP Chocolate - MSA statement 2017,
Oracle Corporation UK Limited,2016,Modern Slavery Statement,https://www.oracle.com/assets/modernslaverypolicystatementuk-3115011.pdf,Oracle Corp UK - MSA statement 2016,
Pentland Brands Ltd,2017,Modern Slavery Statement,http://www.pentland.com/downloads/modern-slavery/Pentland-Modern-Slavery-Report.pdf,Pentland Brands - MSA statement 2017,
Peoples Cars Ltd,2017,Modern Slavery Statement,http://www.peoplescars.co.uk/about-us/peoples-modern-slavery-statement/,Peoples Cars - MSA statement 2017,
Perry Ellis Europe Limited,2017,Modern Slavery Statement,https://www.originalpenguin.co.uk/modern-slavery-act.html,Perry Ellis Europe - MSA statement 2017,
Pioneer Europe NV,2016,Modern Slavery Statement,http://www.pioneer-car.eu/uk/modern-slavery-act,Pioneer Europe - MSA statement 2016,
Primark,2017,Modern Slavery Statement,https://www.primark.com/~/media/ourethics/modern-slavery-act/primark-msa-statement.ashx?la=en,Primark Stores - MSA statement 2017,
Quantum Clothing Group LtdÂ ,2017,Modern Slavery Statement,http://www.quantumclothing.com/modern-slavery/,Quantum Clothing Group - MSA statement 2017,
R&H Hall Ltd,2017,Modern Slavery Statement,https://www.rhhall.ie/wp-content/uploads/2017/02/Modern-Slavery-Human-Trafficking-Statement.pdf,R&H Hall - MSA statement 2017,
Renault UK Limited,2017,Modern Slavery Statement,https://www.renault.co.uk/modern-slavery-act.html,Renault UK - MSA statement 2017,
Reynolds Catering Supplies Ltd,2016,Modern Slavery Statement,https://www.reynolds-cs.com/modern-slavery-act-transparency-statement,Reynolds Catering Supplies - MSA statement 2016,
Roper Rhodes Ltd,2017,Modern Slavery Statement,http://www.roperrhodes.co.uk/wp-content/uploads/2017/03/130317-al-RR-modern-slavery-statement-march-2017-v01.pdf,Roper Rhodes - MSA statement 2017,
Rothschild & Co Group,2017,Modern Slavery Statement,https://www.rothschild.com/,Rothschild & Co Group - MSA statement 2017,
Scottish Midland Co-operative Society Ltd,2017,Modern Slavery Statement,https://www.scotmid.coop/about-us/values-and-principles/modern-slavery-statement/,Scottish Midland Cooperative Society - MSA statement 2017,
Seafood Holdings Limited,2017,Modern Slavery Statement,http://www.directseafoods.co.uk/about/slavery,Seafood Holdings Ltd - MSA statement 2017,
Shepherd Neame Limited,2016,Modern Slavery Statement,https://www.shepherdneame.co.uk/slavery-statement,Shepherd Neame Ltd - MSA statement 2016,
Southern Co-operative Limited (The),2017,Modern Slavery Statement,http://www.thesouthernco-operative.co.uk/wp-content/uploads/2017/05/Southern-Co-op-Modern-Slavery-Statement-2017.pdf,Southern Cooperative Ltd - MSA statement 2017,
"Square Enix Holdings Co, Ltd",2017,Modern Slavery Statement,http://www.hd.square-enix.com/eng/company/pdf/philosophy_20170501en.pdf,Square Enix Holdings - MSA statement 2017,
State Oil Limited,2017,Modern Slavery Statement,http://www.harvestenergy.co.uk/slavery-human-trafficking-statement/,State Oil Ltd - MSA statement 2017,
Sumitomo Corporation Europe Limited,2017,Modern Slavery Statement,http://www.sumitomocorpeurope.com/file/SCEU%20MSA%20Statement.pdf,Sumitomo Corp Europe - MSA statement 2017,
Sutherland Global Services Inc.,2017,Modern Slavery Statement,https://www.sutherlandglobal.com/-/media/sutherland/files/modern-slavery-act-statement.pdf?la=en&hash=B27F108198D44D44ED0ECBE510265F8B6A91D930,Sutherland Global Services - MSA statement 2017,
SUZUKI GB PLC,2017,Modern Slavery Statement,https://www.suzuki.co.uk/cars/about/news/modern-slavery-and-human-trafficking-statement,SUZUKI GB - MSA statement 2017,
"T.D. Williamson, Inc.",2017,Modern Slavery Statement,http://www.tdwilliamson.com/California,TD Williamson - MSA statement 2017,
Ted Baker,2017,Modern Slavery Statement,http://www.tedbakerplc.com/teds-responsibilities/supply-chain-transparency-and-modern-slavery-statement,Ted Baker - MSA statement 2017,
Thai Union Group plc,2016,Modern Slavery Statement,http://tu.listedcompany.com/newsroom/20160615-tu-modern-slavery-en.pdf,Thai Union Group - MSA statement 2016,
Toll Holdings Limited,2017,Modern Slavery Statement,http://www.tollgroup.com/document/modern-slavery-act-statement-2016.pdf,Toll Holdings Ltd - MSA statement 2017,
Total Foodservice Solutions Ltd,2016,Modern Slavery Statement,http://www.totalfoodservice.co.uk/data/ckeditor/Pdfs/Slavery_and_Human_Trafficking_FY2016-2017.pdf,Total Foodservice Solutions - MSA statement 2016,
Toyota (GB) PLC,2017,Modern Slavery Statement,https://www.toyota.co.uk/footer/modern-slavery-statement.json,Toyota GB - MSA statement 2017,
"TRS Staffing Solutions, Inc.",2017,Modern Slavery Statement,https://www.trsstaffing.com/modern-slavery-act-statement,TRS Staffing Solutions - MSA statement 2017,
Victoria Plc,2017,Modern Slavery Statement,http://bit.ly/2sOcn9I,Victoria - MSA statement 2017,
Volkswagen Group United Kingdom Limited,2017,Modern Slavery Statement,https://www.volkswagen-vans.co.uk/media/3288436/vwg_uk_ltd_modern_slavery_act_statement_june_2017.pdf,Volkswagen Group UK - MSA statement 2017,
WCF Ltd,2016,Modern Slavery Statement,https://www.wcf.co.uk/pdf/WCF-modern-slavery-report.pdf,WCF Ltd - MSA statement 2016,
WD Meats Ltd,2016,Modern Slavery Statement,http://wd-meats.co.uk/site/wp-content/themes/wdtheme/images/slavery-and-trafficking.pdf,WD Meats Ltd - MSA statement 2016,
Wessanen UK,2017,Modern Slavery Statement,https://wessanenuk.com/modern-slavery-statement-financial-year-201516/,Wessanen UK - MSA statement 2017,
WH Smith Plc,2017,Modern Slavery Statement,http://www.whsmithplc.co.uk/docs/Modern_Slavery_Statement_FINAL.pdf,WH Smith - MSA statement 2017,
Whirlpool UK Appliances Limited,2017,Modern Slavery Statement,https://www.kitchenaid.co.uk/pdf/signed-modern-slavery-act-statement.pdf,Whirlpool UK Appliances Ltd - MSA statement 2017,
Worldwide Fruit Ltd,2017,Modern Slavery Statement,http://www.worldwidefruit.co.uk/pages/modern-slavery-act.html,Worldwide Fruit - MSA statement 2017,
Anritsu Corporation,2016,Modern Slavery Statement,https://dl.cdn-anritsu.com/en-en/about-anritsu/csr/respect-persons/modern-slavery-statement-en.pdf,Anritsu Group - MSA statement 2016,
Arcadia Group,2017,Modern Slavery Statement,https://arcadiagroup.co.uk/modernslaverystatement,Arcadia Group - MSA statement 2017,
Arrow Electronics,2016,Modern Slavery Statement,http://static4.arrow.com/-/media/files/pdf/arrow-slavery-and-human-trafficking-statement-2016-update.pdf?la=en,Arrow Electronics - MSA statement 2016,
Asda Stores Ltd.,2017,Modern Slavery Statement,https://cdn.corporate.walmart.com/49/58/e2b91b8b468886e33f9803b6b60d/asda-modern-slavery-statement-document-12-06-17.pdf,Asda Stores - MSA statement 2017,
Astellas Pharma,2016,Modern Slavery Statement,https://www.astellas.com/en/csr/pdf/slaver_act_Eng.pdf,Astellas Pharma - MSA statement 2016,
Avnet,2017,Modern Slavery Statement,https://www.avnet.com/wps/wcm/connect/onesite/e3641520-bc00-423d-8802-a3e3144299b0/Statement-Against-Modern-Slavery-Human-Trafficking.pdf?MOD=AJPERES&CVID=lHtgmk4&CVID=lHtgmk4&attachment=true&id=1491161117885,Avnet Inc - MSA statement 2017,
Axalta Coating Systems Ltd.,2017,Modern Slavery Statement,https://www.axaltacs.com/corporate/en_US/about-axalta/the-modern-slavery-act-disclosure-statement.print.pdf,Axalta Coating System UK - MSA statement 2017,
Bang & Olufsen,2016,Modern Slavery Statement,http://az498215.vo.msecnd.net/static/files/Slavery%20and%20human%20trafficking%20statement.pdf,Bang & Olufsen - MSA statement 2016,
Bank of New York Mellon,2017,Modern Slavery Statement,https://www.bnymellon.com/emea/en/who-we-are/modern-slavery-act.jsp,Bank of New York Mellon Corp - MSA statement 2017,
Barratt Developments,2017,Modern Slavery Statement,http://www.barrattdevelopments.co.uk/~/media/Files/B/Barratt-Developments/policies/2016/BARRATT-DEVELOPMENTS-PLC-MODERN-SLAVERY-AND-HUMAN-TRAFFICKING-STATEMENT-2016.pdf,Baratt Development - MSA statement 2017,
Bestseller AS,2017,Modern Slavery Statement,http://about.bestseller.com/media/1914/bestsellers-modern-slavery-statement-2016.pdf,Bestseller - MSA statement 2017,
BRADY CORP,2017,Modern Slavery Statement,http://www.bradycorp.com/en/about/~/media/BradyCorp/About/Policies/Brady%20Forced%20Labor%20and%20Human%20Trafficking%20POLICY%201062016.pdf,Brady Corp - MSA statement 2017,
Brambles,2017,Modern Slavery Statement,http://brambles.com/Content/cms/Corporate_Governance/UK_Modern_Slavery_Act_Statement_Brambles_2016.pdf,Brambles Ltd - MSA statement 2017,
British American Tobacco,2017,Modern Slavery Statement,http://www.bat.com/group/sites/uk__9d9kcy.nsf/vwPagesWebLive/DOAK8P7C/$FILE/medMDAKVFP7.pdf?openelement,British American Tobacco - MSA statement 2017,
Camira Fabrics,2016,Modern Slavery Statement,https://www.camirafabrics.com/sites/default/files/document-library/Modern%20Slavery%20Act.pdf,Camira Fabrics Ltd - MSA statement 2016,
Canadian Imperial Bank,2017,Modern Slavery Statement,https://www.cibc.com/content/dam/about_cibc/corporate_responsibility/pdfs/modern-slavery-act-en.pdf,Canadian Imperial Bank of Commerce - MSA statement 2017,
Coca-Cola HBC Northern Ireland Ltd,2017,Modern Slavery Statement,http://ie.coca-colahellenic.com/media/2955/cchbc-slavery-and-human-trafficking-statement-2016_signed.pdf,Coca Cola HBC Northern Ireland Ltd - MSA statement 2017,
Corning Inc.,2016,Modern Slavery Statement,https://www.corning.com/media/worldwide/global/documents/UK_Modern_Slavery_Act.pdf,Corning Inc - MSA statement 2016,
Danaher,2017,Modern Slavery Statement,http://investors.danaher.com/image/Danaher+UK+MSA+Statement+June+2017.pdf,Danaher Corp - MSA statement 2017,
Deutsche Bahn AG,2017,Modern Slavery Statement,https://www.deutschebahn.com/file/en/11888348/3zuK9gmRkjyOaf9SyUjfhguZDZY/14555912/data/uk_modern_slavery_act.pdf,Deutsche Bahn Group - MSA statement 2017,
Discovery Communications,2017,Modern Slavery Statement,https://corporate.discovery.com/discoverys-modern-slavery-statement/,Discovery Communications - MSA statement 2017,
Dixons Carphone,2016,Modern Slavery Statement,http://www.dixonscarphone.com/our-responsibilities/modern-slavery-statement,Dixons Carphone - MSA statement 2016,
DLF,2016,Modern Slavery Statement,http://www.dlf.co.uk/about-dlf/slavery-and-human-trafficking-statement.aspx,DLF - MSA statement 2016,
Donnelley Financial Solutions Inc.,2017,Modern Slavery Statement,https://emea.dfsco.com/emea/docs/library/compliance.pdf,Donnelley Financial Solutions -  MSA statement 2017,
Emerson Electric Company,2017,Modern Slavery Statement,http://www.emerson.com/documents/corporate/190024.pdf,Emerson Electric Co - MSA statement 2017,
Energizer,2016,Modern Slavery Statement,http://www.energizerholdings.com/en/company/supplier-relations/Documents/UK_Modern_Slavery_California_Transparency_Policy.pdf,Energizer - MSA statement 2016,
FleetCor Technologies,2017,Modern Slavery Statement,https://www.fuelcards.co.uk/modern-slavery-statement/,FleetCor Technologies Inc - MSA statement 2017,
Fyffes plc,2017,Modern Slavery Statement,http://www.fyffes.com/pages/modern-day-slavery,Fyffes Group - MSA statement 2017,
Gardner Denver,2017,Modern Slavery Statement,http://www.gardnerdenver.com/company/corporate_responsibility/transparency_in_supply_chains_anti_slavery_and_human_trafficking_statement/,Gardner Denver Inc - MSA statement 2017,
IC Group AS,2017,Modern Slavery Statement,http://1ij5r73z81m72a9uqy1agofi.wpengine.netdna-cdn.com/wp-content/uploads/Transparency_in_Supply_Chains_Statement_2016.pdf,IC Group - MSA statement 2017,
Idemitsu Kosan,2017,Modern Slavery Statement,http://www.idemitsu.com/content/100797498.pdf,Idemitsu Kosan - MSA statement 2017,
Illinois Tool Works,2017,Modern Slavery Statement,http://investor.itw.com/~/media/Files/I/ITW-IR/documents/anti-human-trafficking-disclosures.pdf,Illinois Tool Works Inc - MSA statement 2017,
Inchcape,2017,Modern Slavery Statement,http://www.inchcape.com/en/responsibility/modern-slavery-statement.html,Inchcape - MSA statement 2017,
Infineon Technologies,2017,Modern Slavery Statement,https://www.infineon.com/dgdl/Infineon+Technologies+Slavery+and+Human+Trafficking+Statement.pdf?fileId=5546d4615affca26015b1acdcb060464,Infineon Technologies - MSA statement 2017,
Ingram Micro,2016,Modern Slavery Statement,http://www.ingramuk.com/Files/pdfs/IMUK_Modern_Slavery_Act_Statement_Public.pdf,Ingram Micro UK - MSA statement 2016,
Interpublic Group,2017,Modern Slavery Statement,http://www.mullenloweprofero.com/media/482594/modern%20slavery%20act%20-%20mlp.pdf,Interpublic Group of Companies - MSA statement 2017,
John Bean Technologies CORP,2017,Modern Slavery Statement,http://www.jbtcorporation.com/en/Misc/CA%20Supply%20Chain%20Act%20and%20UK%20Modern%20Slavery%20Act,John Bean Technologies Corp - MSA statement 2017,
Johnson Matthey,2016,Modern Slavery Statement,http://www.matthey.com/file.axd?pointerid=56338f7d8b0c1e0d0cab9c7a,Johnson Matthey North America - MSA statement 2016,
Jones Lang LaSalle Incorporated,2017,Modern Slavery Statement,https://www.jll.com/InvestorPDFs/JLL-Modern-Slavery-Statement.pdf,Jones Lang LaSalle Inc - MSA statement 2017,
Lazare Kaplan International Inc.,2016,Modern Slavery Statement,https://www.kaplanpathways.com/modern-slavery-statement/,Kaplan International Inc - MSA statement 2016,
Kimball Electronics Inc.,2016,Modern Slavery Statement,https://www.kimballelectronics.com/docs/default-source/careers/uk-modern-slavery-act-transparency-statement.pdf,Kimball Electronics Group - MSA statement 2016,
Kimberly-Clark Corporation,2016,Modern Slavery Statement,http://www.kimberly-clark.com/sustainability1/reporting/policies/UK-CA-TraffickingStatement.aspx,Kimberly-Clark Corp - MSA statement 2016,
Koch Industries,2016,Modern Slavery Statement,http://www.kochagronomicservices.com/downloads/d1359.aspx?type=view,Koch Ag & Energy Solutions - MSA statement 2016,
Kraft Heinz Company,2016,Modern Slavery Statement,http://www.heinz.co.uk/Modern_Slavery_Statement,Kraft Heinz Foods Company - MSA statement 2016,
Kraton Corp,2017,Modern Slavery Statement,http://www.kraton.com/about/pdf/Slavery%20and%20Human%20Trafficking%20Statement.pdf,Kraton Corp - MSA statement 2017,
Krones AG,2017,Modern Slavery Statement,https://www.krones.com/en/uk-modern-slavery-act.php,Krones Group - MSA statement 2017,
Kuwait Petroleum Corp.,2016,Modern Slavery Statement,https://www.q8aviation.com/assets/files/m/modernslaverystatement_1192.pdf,Kuwait Petroleum International - MSA statement 2016,
Lam Research,2017,Modern Slavery Statement,http://www.lamresearch.com/Portals/0/PDF/LRI_Sarl_FY2016_Slavery_and_Human_Trafficking_Statement.pdf,Lam Research Institute - MSA statement 2017,
Lidl Stiftung & Co. KG,2017,Modern Slavery Statement,https://www.lidl.ie/en/Modern-Slavery-4892.htm?rdeLocaleAttr=en,Lidl Ltd - MSA statement 2017,
Lubrizol Corporation,2017,Modern Slavery Statement,https://www.lubrizol.com/en/Our-Company/About-Lubrizol/Ethics/Transparency-in-Supply-Chain,The Lubrizol Corp - MSA statement 2017,
Marubeni,2016,Modern Slavery Statement,http://www.marubeni.com/news/2016/release/data/20160930e.pdf,Marubeni Corp - MSA statement 2016,
MasterCard,2017,Modern Slavery Statement,https://www.mastercard.us/en-us/about-mastercard/corp-responsibility/social-sustainability/mastercard-modern-slavery-and-human-trafficking-statement.html,Mastercard Inc - MSA statement 2017,
Maxim Integrated Products,2017,Modern Slavery Statement,https://www.maximintegrated.com/content/dam/files/aboutus/company/california-transparency-in-supply-chains-act.pdf,Maxim Integrated - MSA statement 2017,
MAXLINEAR INC,2017,Modern Slavery Statement,http://www.maxlinear.com/corporate-social-responsibility/,Maxlinear Inc - MSA statement 2017,
Microchip Technology,2017,Modern Slavery Statement,http://ww1.microchip.com/downloads/en/DeviceDoc/Microchip%20Slavery%20and%20Human%20Trafficking%20Statement.pdf,Microchip Technology Inc - MSA statement 2017,
Micron Technology,2017,Modern Slavery Statement,https://www.micron.com/about/our-commitment/supply-chain/slavery-and-human-trafficking,Micron Technology Inc - MSA statement 2017,
Mitsubishi UFJ Financial,2017,Modern Slavery Statement,http://www.tr.mufg.jp/english/pressreleases/pdf/20160930_1.pdf,Mitsubishi UFJ Trust and Banking Corp - MSA statement 2017,
Mothercare plc,2016,Modern Slavery Statement,http://www.mothercareplc.com/~/media/Files/M/Mother-Care/documents/msa-statement-fy16-final-8-July-002.pdf,Mothercare Group - MSA statement 2016,
Motorola Solutions,2017,Modern Slavery Statement,https://www.motorolasolutions.com/content/dam/msi/docs/about-us/cr/2016_ahts_signed.pdf,Motorola Solutions - MSA statement 2017,
MS&AD Insurance,2017,Modern Slavery Statement,http://www.ms-ad-hd.com/en/csr/employee/pdf/FY2015SHTStatement_En.pdf,MS&AD Insurance Group Holdings - MSA statement 2017,
Mylan,2017,Modern Slavery Statement,https://www.mylan.com/-/media/mylancom/files/company/corporate%20governance/california-supply-chains-and-uk-slavery-acts-statement-rev-122216.pdf,Mylan NV - MSA statement 2017,
Nexen,2016,Modern Slavery Statement,http://www.nexencnoocltd.com/en/Governance/SupplierPolicies.aspx,Nexen Energy - MSA statement 2016,
Nissan Motor,2017,Modern Slavery Statement,https://www.nissan.co.uk/content/dam/Nissan/gb/services/Modern-Slavery-Statement-NMGB-FY15-16.pdf,Nissan Motor - MSA statement 2017,
Nomura Holdings,2017,Modern Slavery Statement,http://www.nomuraholdings.com/company/group/europe/pdf/nehs_nip_nbi.pdf,Nomura Europe Holdings - MSA statement 2017,
Northern Trust,2017,Modern Slavery Statement,https://www.northerntrust.com/documents/legal/uk-modern-slavery-act-2015.pdf?bc=24918605,The Northern Trust Company - MSA statement 2017,
ON Semiconductor,2017,Modern Slavery Statement,http://www.onsemi.com/site/pdf/Slavery-Human-Trafficking-Policy.pdf,ON Semiconductor Corp - MSA statement 2017,
Pernod Ricard,2016,Modern Slavery Statement,http://www.pernod-ricard-uk.com/PRUK-Anti-Slavery%20Statement.pdf,Pernod Ricard UK - MSA statement 2016,
QBE Insurance Group,2017,Modern Slavery Statement,https://qbeeurope.com/document-library/about-us/modern-slavery/modern-slavery-and-human-trafficking-statement/,QBE Insurance Group - MSA statement 2017,
Rohm,2017,Modern Slavery Statement,http://www.rohm.de/documents/4479901/a7e68f07-da92-4791-9420-cc2b2e75b6be,ROHM Semiconductor GmbH - MSA statement 2017,
Rowan Companies Inc,2017,Modern Slavery Statement,http://www.rowan.com/our-company/UK-Modern-Slavery-Statement/default.aspx,Rowan Companies - MSA statement 2017,
Royal Caribbean Cruises,2017,Modern Slavery Statement,http://www.rclcorporate.com/content/uploads/Modern-Slavery-Act-Statement-2016-FINAL-4-18-17.pdf,Royal Caribbean Cruises - MSA statement 2017,
RWE Group,2017,Modern Slavery Statement,https://www.rwe.com/web/cms/mediablob/en/3717968/data/158406/2/rwe-supply-trading/Modern-Slavery-Act-Statement.pdf,RWE Supply & Trading - MSA statement 2017,
Samsung,2017,Modern Slavery Statement,https://images.samsung.com/is/content/samsung/p5/uk/pdf/ModernSlaveryStatement.pdf,Samsung Electronics UK - MSA statement 2017,
Scottish Leather Group,2016,Modern Slavery Statement,http://www.scottishleathergroup.com/ScottishLeatherGroup/Governance.aspx,Scottisch Leather Group - MSA statement 2016,
Scottish Sea Farms,2016,Modern Slavery Statement,http://www.scottishseafarms.com/about/principles-and-approach/,Scottish Sea Farms - MSA statement 2016,
Seasalt,2016,Modern Slavery Statement,https://www.seasaltcornwall.co.uk/customer/pages/about/our-responsibilities#policies,Seasalt Ltd - MSA statement 2016,
Shop Direct Limited,2017,Modern Slavery Statement,https://www.shopdirect.com/modern-slavery-and-human-trafficking/,Shop Direct Group - MSA statement 2017,
Sports Direct,2017,Modern Slavery Statement,http://www.sportsdirectplc.com/~/media/Files/S/Sports-Direct/documents/modern-slavery-statement.pdf,Sports Direct International - MSA statement 2017,
Sumitomo Group,2017,Modern Slavery Statement,http://www.sumitomocorpeurope.com/file/SC%20Group%20Statement%20FY2015%20for%20UK%20Modern%20Slavery%20Act.pdf,Sumitomo Corp Group - MSA statement 2017,
Suntory Beverage & Food,2017,Modern Slavery Statement,https://www.lrsuntory.com/dyn/_assets/_pdfs/modern-slavery-statement.pdf,Suntory Beverage and Food Europe - MSA statement 2017,
TATE & LYLE FOOD SYSTEMS,2016,Modern Slavery Statement,https://www.tateandlyle.com/sites/default/files/2017-01/Modern%20Slavery%20Act%20Statement%20FY16.pdf,Tate & Lyle - MSA statement 2016,
Teledyne Technologies,2017,Modern Slavery Statement,http://teledyne.com/documents/WebDisclosureHumanTrafficking.pdf,Teledyne Technologies Inc - MSA statement 2017,
The Toro Company,2016,Modern Slavery Statement,https://www.toro.com/en-GB/about/corporate-responsibility/product-safety-sustainability/slavery-and-human-trafficking,The Toro Co - MSA statement 2016,
Toshiba,2017,Modern Slavery Statement,http://www.toshiba.co.jp/csr/jp/modern-slavery-act/pdf/Toshiba_Group_Slavery_and_Human_Trafficking_Statement_Sep2016.pdf,Toshiba Group - MSA statement 2017,
Toyota Tsusho,2016,Modern Slavery Statement,https://media.wix.com/ugd/9e3b15_8f3babaf7efb4628b48a6e92e648165e.pdf,Toyota Tsusho Metals - MSA statement 2016,
Trimble Navigation,2017,Modern Slavery Statement,https://www.trimble.com/Corporate/Compliance/UK-slavery-act.aspx,Trimble Inc - MSA statement 2017,
TUI,2017,Modern Slavery Statement,https://www.tuigroup.com/damfiles/default/tuigroup-15/en/sustainability/Modern-Slavery-statement-290317.pdf-f428b9ac4672b9c6aa8e4e9ef0f742fc.pdf,TUI Group - MSA statement 2017,
Denso,2017,Modern Slavery Statement,https://www.denso.com/uk/en/csr/denso-modern-slavery-act-statement.pdf,UK Denso Companies - MSA statement 2017,
Urban Outfitters,2017,Modern Slavery Statement,https://www.urbanoutfitters.com/uk/images/MSA_Statement/MSAFORM1.pdf,Urban Outfitters - MSA statement 2017,
Viacom,2017,Modern Slavery Statement,http://www.comedycentral.co.uk/legal/modern-slavery-act-transparency-statement,Viacom - MSA statement 2017,
WL Gore & Associates GmbH,2016,Modern Slavery Statement,https://www.gore.com/about-gore/gore-story/modern-slavery-act-transparency-statement,W. L. Gore & Associates - MSA statement 2016,
Wabtec,2017,Modern Slavery Statement,https://www.wabtec.com/ca-transparency-act-uk-modern-slavery-act-statement,Wabtec Corp - MSA statement 2017,
Wm Morrison Supermarkets,2017,Modern Slavery Statement,https://www.morrisons-corporate.com/Documents/corporate2017/Morrisons_Modern-Slavery-Act-2016-Final.pdf,Wm Morrison Supermarket - MSA statement 2017,
Xilinx,2017,Modern Slavery Statement,https://www.xilinx.com/programmable/about/Corporate-Responsibility/CA_Transparency_Act_2010_UK_Modern_Slavery_Act_Statement_2015.pdf,Xilinx Inc - MSA statement 2017,
YOOX NET-A-PORTER Group SpA,2017,Modern Slavery Statement,http://www.ynap.com/pages/sustainability/,Yoox Net-a-Porter Group - MSA statement 2017,
